,Xc,Yc,labels
0,-73.9849997561,40.6672095298,0
1,-73.8643200008,40.7669761027,1
2,0.0,0.0,10
3,0.0,0.0,10
4,0.0,0.0,10
5,0.0,0.0,10
