Borough,CollisionCount
BROOKLYN,0.05552192716968884
MANHATTAN,0.07658953178819118
QUEENS,0.052882950404465924
BRONX,0.04219630791866546
STATEN ISLAND,0.0448910684818046